insert into member(member_id, member_email, member_nickname, member_password, member_profile_img, member_role,
                   created_at, modified_at, deleted_at)
values (1, 'dongmin@naver.com', '동민', '{noop}1234', 'default.png', 'member_normal', now(), now(), null);
insert into member(member_id, member_email, member_nickname, member_password, member_profile_img, member_role,
                   created_at, modified_at, deleted_at)
values (2, 'dongmin2@naver.com', '동민22', '{noop}1234', 'default.png', 'member_normal', now(), now(), null);

insert into book (book_id, member_id, book_item_id, book_title, book_author, book_publisher, book_category, book_cover, created_at, modified_at, deleted_at) values (1, 1, null, 'Report, The (Gozaresh)', 'hmival0', 'Anheuser-Busch Inbev SA', 'Oyondu', 'http://dummyimage.com/159x100.png/ff4444/ffffff', '2024-03-13 07:37:09', '2024-03-05 20:23:56', null);
insert into book (book_id, member_id, book_item_id, book_title, book_author, book_publisher, book_category, book_cover, created_at, modified_at, deleted_at) values (2, 1, null, 'Formula, The', 'tcrookshank1', 'Viad Corp', 'Mydeo', 'http://dummyimage.com/116x100.png/dddddd/000000', '2024-03-12 23:27:43', '2024-03-09 00:25:25', null);
insert into book (book_id, member_id, book_item_id, book_title, book_author, book_publisher, book_category, book_cover, created_at, modified_at, deleted_at) values (3, 1, null, 'He Got Game', 'afouch2', 'CyberOptics Corporation', 'Quimm', 'http://dummyimage.com/145x100.png/5fa2dd/ffffff', '2024-03-07 00:11:29', '2024-03-14 14:18:40', null);
insert into book (book_id, member_id, book_item_id, book_title, book_author, book_publisher, book_category, book_cover, created_at, modified_at, deleted_at) values (4, 1, null, 'Lone Ranger and the Lost City of Gold, The', 'mshanks3', 'Amedica Corporation', 'Skinte', 'http://dummyimage.com/131x100.png/ff4444/ffffff', '2024-03-07 04:37:17', '2024-03-06 01:11:36', null);
insert into book (book_id, member_id, book_item_id, book_title, book_author, book_publisher, book_category, book_cover, created_at, modified_at, deleted_at) values (5, 1, null, 'Detropia', 'uweld4', 'Civitas Solutions, Inc.', 'Skiba', 'http://dummyimage.com/229x100.png/5fa2dd/ffffff', '2024-03-20 01:48:37', '2024-03-21 13:40:16', null);
insert into book (book_id, member_id, book_item_id, book_title, book_author, book_publisher, book_category, book_cover, created_at, modified_at, deleted_at) values (6, 1, null, 'Murph: The Protector', 'ddovydenas5', 'Deluxe Corporation', 'Jatri', 'http://dummyimage.com/142x100.png/ff4444/ffffff', '2024-03-03 17:31:32', '2024-03-24 04:39:18', null);
insert into book (book_id, member_id, book_item_id, book_title, book_author, book_publisher, book_category, book_cover, created_at, modified_at, deleted_at) values (7, 1, null, 'But Forever in My Mind', 'mnewsham6', 'TFS Financial Corporation', 'Centizu', 'http://dummyimage.com/131x100.png/ff4444/ffffff', '2024-03-21 17:54:32', '2024-03-22 17:02:55', null);
insert into book (book_id, member_id, book_item_id, book_title, book_author, book_publisher, book_category, book_cover, created_at, modified_at, deleted_at) values (8, 1, null, 'Always', 'bterrelly7', 'Biostage, Inc.', 'Chatterbridge', 'http://dummyimage.com/181x100.png/5fa2dd/ffffff', '2024-03-21 16:53:22', '2024-03-11 02:39:23', null);
insert into book (book_id, member_id, book_item_id, book_title, book_author, book_publisher, book_category, book_cover, created_at, modified_at, deleted_at) values (9, 1, null, 'Not Fade Away', 'jstrainge8', 'Rush Enterprises, Inc.', 'Yakitri', 'http://dummyimage.com/189x100.png/5fa2dd/ffffff', '2024-03-08 00:40:02', '2024-03-03 14:06:00', null);
insert into book (book_id, member_id, book_item_id, book_title, book_author, book_publisher, book_category, book_cover, created_at, modified_at, deleted_at) values (10, 1, null, 'Caddyshack', 'jwhalebelly9', 'Capitol Federal Financial, Inc.', 'Photolist', 'http://dummyimage.com/134x100.png/5fa2dd/ffffff', '2024-03-21 05:26:57', '2024-03-02 01:27:43', null);
insert into book (book_id, member_id, book_item_id, book_title, book_author, book_publisher, book_category, book_cover, created_at, modified_at, deleted_at) values (11, 1, null, 'Marina Abramovic: The Artist Is Present', 'swalasa', 'Diana Shipping inc.', 'Blogtag', 'http://dummyimage.com/131x100.png/ff4444/ffffff', '2024-03-12 09:37:19', '2024-03-06 02:40:11', null);
insert into book (book_id, member_id, book_item_id, book_title, book_author, book_publisher, book_category, book_cover, created_at, modified_at, deleted_at) values (12, 1, null, 'The Legend of Sarila', 'bmccrillisb', 'Duke Energy Corporation', 'Livepath', 'http://dummyimage.com/134x100.png/ff4444/ffffff', '2024-03-19 19:21:41', '2024-03-20 13:44:13', null);
insert into book (book_id, member_id, book_item_id, book_title, book_author, book_publisher, book_category, book_cover, created_at, modified_at, deleted_at) values (13, 1, null, 'No Man''s Land', 'abeckenhamc', 'Frontier Communications Corporation', 'Buzzdog', 'http://dummyimage.com/103x100.png/ff4444/ffffff', '2024-03-10 13:03:22', '2024-03-21 10:17:48', null);
insert into book (book_id, member_id, book_item_id, book_title, book_author, book_publisher, book_category, book_cover, created_at, modified_at, deleted_at) values (14, 1, null, 'Submarine', 'mlindd', 'CECO Environmental Corp.', 'Zava', 'http://dummyimage.com/238x100.png/ff4444/ffffff', '2024-03-09 16:28:03', '2024-03-04 04:59:15', null);
insert into book (book_id, member_id, book_item_id, book_title, book_author, book_publisher, book_category, book_cover, created_at, modified_at, deleted_at) values (15, 1, null, 'Hard Way, The', 'dhuburne', 'SuperValu Inc.', 'Izio', 'http://dummyimage.com/241x100.png/dddddd/000000', '2024-03-21 21:56:51', '2024-03-23 06:28:12', null);
insert into book (book_id, member_id, book_item_id, book_title, book_author, book_publisher, book_category, book_cover, created_at, modified_at, deleted_at) values (16, 1, null, 'Beerfest', 'epeppinf', 'Galmed Pharmaceuticals Ltd.', 'Meembee', 'http://dummyimage.com/119x100.png/dddddd/000000', '2024-03-01 05:48:07', '2024-03-25 22:05:39', null);
insert into book (book_id, member_id, book_item_id, book_title, book_author, book_publisher, book_category, book_cover, created_at, modified_at, deleted_at) values (17, 1, null, 'Trailer Park Boys: Countdown to Liquor Day', 'bdunstallg', 'CBIZ, Inc.', 'Zoombox', 'http://dummyimage.com/219x100.png/5fa2dd/ffffff', '2024-03-21 17:50:09', '2024-03-25 23:47:07', null);
insert into book (book_id, member_id, book_item_id, book_title, book_author, book_publisher, book_category, book_cover, created_at, modified_at, deleted_at) values (18, 1, null, 'Watcher in the Woods, The', 'tbanbrookh', 'Cushing Renaissance Fund (The)', 'Jamia', 'http://dummyimage.com/144x100.png/cc0000/ffffff', '2024-03-25 07:25:33', '2024-03-19 02:03:49', null);
insert into book (book_id, member_id, book_item_id, book_title, book_author, book_publisher, book_category, book_cover, created_at, modified_at, deleted_at) values (19, 1, null, 'Zouzou', 'dcuddyi', 'Morgan Stanley Emerging Markets Debt Fund, Inc.', 'Zoomdog', 'http://dummyimage.com/201x100.png/dddddd/000000', '2024-03-22 11:21:04', '2024-03-11 01:10:12', null);
insert into book (book_id, member_id, book_item_id, book_title, book_author, book_publisher, book_category, book_cover, created_at, modified_at, deleted_at) values (20, 1, null, 'Movie Days (Bíódagar)', 'flanchberyj', 'Arconic Inc.', 'Flipopia', 'http://dummyimage.com/237x100.png/5fa2dd/ffffff', '2024-03-09 01:08:44', '2024-03-21 00:34:04', null);
insert into book (book_id, member_id, book_item_id, book_title, book_author, book_publisher, book_category, book_cover, created_at, modified_at, deleted_at) values (21, 1, null, 'Mon Oncle Antoine', 'bmeakesk', 'KKR & Co. L.P.', 'Meevee', 'http://dummyimage.com/118x100.png/5fa2dd/ffffff', '2024-03-25 18:52:16', '2024-03-02 13:05:48', null);
insert into book (book_id, member_id, book_item_id, book_title, book_author, book_publisher, book_category, book_cover, created_at, modified_at, deleted_at) values (22, 1, null, 'Bandslam', 'aromneyl', 'Martin Midstream Partners L.P.', 'Midel', 'http://dummyimage.com/126x100.png/cc0000/ffffff', '2024-03-26 14:44:33', '2024-03-17 23:21:25', null);
insert into book (book_id, member_id, book_item_id, book_title, book_author, book_publisher, book_category, book_cover, created_at, modified_at, deleted_at) values (23, 1, null, 'Nil By Mouth', 'mbagniukm', 'BJ''s Restaurants, Inc.', 'Quaxo', 'http://dummyimage.com/142x100.png/cc0000/ffffff', '2024-03-27 21:33:25', '2024-03-17 02:53:59', null);
insert into book (book_id, member_id, book_item_id, book_title, book_author, book_publisher, book_category, book_cover, created_at, modified_at, deleted_at) values (24, 1, null, 'Birds of America', 'mstarfordn', 'Wingstop Inc.', 'Voolia', 'http://dummyimage.com/222x100.png/cc0000/ffffff', '2024-03-05 05:13:12', '2024-03-03 21:03:16', null);
insert into book (book_id, member_id, book_item_id, book_title, book_author, book_publisher, book_category, book_cover, created_at, modified_at, deleted_at) values (25, 1, null, 'Sex Ed', 'boxenhamo', 'Oasmia Pharmaceutical AB', 'Tagpad', 'http://dummyimage.com/207x100.png/ff4444/ffffff', '2024-03-05 20:36:18', '2024-03-27 04:01:20', null);
insert into book (book_id, member_id, book_item_id, book_title, book_author, book_publisher, book_category, book_cover, created_at, modified_at, deleted_at) values (26, 1, null, 'An Amazing Couple', 'mbeekp', 'Kelly Services, Inc.', 'Roombo', 'http://dummyimage.com/244x100.png/5fa2dd/ffffff', '2024-03-16 23:05:46', '2024-03-26 06:17:03', null);
insert into book (book_id, member_id, book_item_id, book_title, book_author, book_publisher, book_category, book_cover, created_at, modified_at, deleted_at) values (27, 1, null, 'House of Cards', 'hbeevorsq', 'Valeant Pharmaceuticals International, Inc.', 'Latz', 'http://dummyimage.com/189x100.png/5fa2dd/ffffff', '2024-03-11 07:56:31', '2024-03-16 16:40:43', null);
insert into book (book_id, member_id, book_item_id, book_title, book_author, book_publisher, book_category, book_cover, created_at, modified_at, deleted_at) values (28, 1, null, 'Calling, The', 'obullentr', 'Amec Plc Ord', 'Buzzster', 'http://dummyimage.com/198x100.png/cc0000/ffffff', '2024-03-01 19:56:07', '2024-03-21 14:44:27', null);
insert into book (book_id, member_id, book_item_id, book_title, book_author, book_publisher, book_category, book_cover, created_at, modified_at, deleted_at) values (29, 1, null, 'Rugrats Go Wild!', 'cvains', 'Applied Industrial Technologies, Inc.', 'Tagfeed', 'http://dummyimage.com/110x100.png/cc0000/ffffff', '2024-03-26 05:43:02', '2024-03-09 14:44:01', null);
insert into book (book_id, member_id, book_item_id, book_title, book_author, book_publisher, book_category, book_cover, created_at, modified_at, deleted_at) values (30, 1, null, 'Postal', 'tmarchellot', 'SMTC Corporation', 'Skalith', 'http://dummyimage.com/118x100.png/ff4444/ffffff', '2024-03-01 09:03:05', '2024-03-17 02:16:17', null);

insert into summary (summary_id, member_id, book_id, summary_content, created_at, modified_at, deleted_at) values (1, 1, 1, 'Reduced responsive capability', '2024-03-23 12:38:32', '2024-03-11 05:27:00', null);
insert into summary (summary_id, member_id, book_id, summary_content, created_at, modified_at, deleted_at) values (2, 1, 2, 'Progressive discrete function', '2024-03-17 21:47:54', '2024-03-24 03:19:14', null);
insert into summary (summary_id, member_id, book_id, summary_content, created_at, modified_at, deleted_at) values (3, 1, 3, 'Polarised executive alliance', '2024-03-24 05:58:57', '2024-03-09 16:40:30', null);
insert into summary (summary_id, member_id, book_id, summary_content, created_at, modified_at, deleted_at) values (4, 1, 4, 'Visionary demand-driven task-force', '2024-03-01 16:45:31', '2024-03-22 15:01:29', null);
insert into summary (summary_id, member_id, book_id, summary_content, created_at, modified_at, deleted_at) values (5, 1, 5, 'Down-sized secondary extranet', '2024-03-01 00:36:25', '2024-03-13 10:05:25', null);
insert into summary (summary_id, member_id, book_id, summary_content, created_at, modified_at, deleted_at) values (6, 1, 6, 'Adaptive dynamic encryption', '2024-03-11 10:11:26', '2024-03-08 12:31:54', null);
insert into summary (summary_id, member_id, book_id, summary_content, created_at, modified_at, deleted_at) values (7, 1, 7, 'Centralized foreground infrastructure', '2024-03-19 17:21:49', '2024-03-27 22:25:53', null);
insert into summary (summary_id, member_id, book_id, summary_content, created_at, modified_at, deleted_at) values (8, 1, 8, 'Self-enabling attitude-oriented infrastructure', '2024-03-06 12:54:45', '2024-03-11 17:25:18', null);
insert into summary (summary_id, member_id, book_id, summary_content, created_at, modified_at, deleted_at) values (9, 1, 9, 'Synergistic composite collaboration', '2024-03-01 13:34:40', '2024-03-09 02:21:06', null);
insert into summary (summary_id, member_id, book_id, summary_content, created_at, modified_at, deleted_at) values (10, 1, 10, 'Reverse-engineered composite alliance', '2024-03-03 22:52:57', '2024-03-10 13:10:55', null);
insert into summary (summary_id, member_id, book_id, summary_content, created_at, modified_at, deleted_at) values (11, 1, 11, 'User-friendly directional framework', '2024-03-27 08:24:11', '2024-03-16 22:26:56', null);
insert into summary (summary_id, member_id, book_id, summary_content, created_at, modified_at, deleted_at) values (12, 1, 12, 'Vision-oriented web-enabled implementation', '2024-03-04 11:42:17', '2024-03-13 21:51:15', null);
insert into summary (summary_id, member_id, book_id, summary_content, created_at, modified_at, deleted_at) values (13, 1, 13, 'Cross-group responsive system engine', '2024-03-24 02:37:51', '2024-03-21 01:48:50', null);
insert into summary (summary_id, member_id, book_id, summary_content, created_at, modified_at, deleted_at) values (14, 1, 14, 'Programmable 3rd generation complexity', '2024-03-27 21:27:27', '2024-03-05 09:36:17', null);
insert into summary (summary_id, member_id, book_id, summary_content, created_at, modified_at, deleted_at) values (15, 1, 15, 'Reactive demand-driven flexibility', '2024-03-15 16:13:26', '2024-03-01 21:10:14', null);
insert into summary (summary_id, member_id, book_id, summary_content, created_at, modified_at, deleted_at) values (16, 1, 16, 'Expanded client-driven alliance', '2024-03-05 21:17:27', '2024-03-26 15:59:06', null);
insert into summary (summary_id, member_id, book_id, summary_content, created_at, modified_at, deleted_at) values (17, 1, 17, 'Distributed systematic strategy', '2024-03-18 08:15:56', '2024-03-06 13:41:46', null);
insert into summary (summary_id, member_id, book_id, summary_content, created_at, modified_at, deleted_at) values (18, 1, 18, 'Persevering national leverage', '2024-03-17 12:04:24', '2024-03-05 23:20:15', null);
insert into summary (summary_id, member_id, book_id, summary_content, created_at, modified_at, deleted_at) values (19, 1, 19, 'Multi-layered dedicated customer loyalty', '2024-03-19 16:56:50', '2024-03-21 21:40:20', null);
insert into summary (summary_id, member_id, book_id, summary_content, created_at, modified_at, deleted_at) values (20, 1, 20, 'Self-enabling full-range budgetary management', '2024-03-20 02:34:51', '2024-03-26 19:56:27', null);
insert into summary (summary_id, member_id, book_id, summary_content, created_at, modified_at, deleted_at) values (21, 1, 21, 'Intuitive systematic benchmark', '2024-03-14 00:30:15', '2024-03-20 22:50:15', null);
insert into summary (summary_id, member_id, book_id, summary_content, created_at, modified_at, deleted_at) values (22, 1, 22, 'Ergonomic mission-critical service-desk', '2024-03-16 11:53:23', '2024-03-19 10:39:26', null);
insert into summary (summary_id, member_id, book_id, summary_content, created_at, modified_at, deleted_at) values (23, 1, 23, 'Progressive heuristic leverage', '2024-03-04 09:16:11', '2024-03-14 22:24:36', null);
insert into summary (summary_id, member_id, book_id, summary_content, created_at, modified_at, deleted_at) values (24, 1, 24, 'Extended attitude-oriented support', '2024-03-02 13:26:35', '2024-03-22 19:57:15', null);
insert into summary (summary_id, member_id, book_id, summary_content, created_at, modified_at, deleted_at) values (25, 1, 25, 'Monitored dedicated toolset', '2024-03-18 05:57:08', '2024-03-26 22:23:44', null);
insert into summary (summary_id, member_id, book_id, summary_content, created_at, modified_at, deleted_at) values (26, 1, 26, 'Synergistic attitude-oriented firmware', '2024-03-04 02:24:47', '2024-03-01 14:56:16', null);
insert into summary (summary_id, member_id, book_id, summary_content, created_at, modified_at, deleted_at) values (27, 1, 27, 'Ameliorated impactful firmware', '2024-03-24 21:39:35', '2024-03-27 08:10:35', null);
insert into summary (summary_id, member_id, book_id, summary_content, created_at, modified_at, deleted_at) values (28, 1, 28, 'Streamlined mobile capacity', '2024-03-24 12:31:10', '2024-03-11 19:23:06', null);
insert into summary (summary_id, member_id, book_id, summary_content, created_at, modified_at, deleted_at) values (29, 1, 29, 'Cross-group intermediate superstructure', '2024-03-19 07:58:29', '2024-03-17 03:57:50', null);
insert into summary (summary_id, member_id, book_id, summary_content, created_at, modified_at, deleted_at) values (30, 1, 30, 'De-engineered demand-driven open architecture', '2024-03-13 14:06:05', '2024-03-02 14:13:32', null);

insert into like_summary(id, member_id, summary_id, created_at, modified_at, deleted_at) values (1, 1, 1, now(), now(), null);
insert into like_summary(id, member_id, summary_id, created_at, modified_at, deleted_at) values (2, 1, 2, now(), now(), null);
insert into like_summary(id, member_id, summary_id, created_at, modified_at, deleted_at) values (3, 1, 3, now(), now(), null);
insert into like_summary(id, member_id, summary_id, created_at, modified_at, deleted_at) values (4, 1, 4, now(), now(), null);
insert into like_summary(id, member_id, summary_id, created_at, modified_at, deleted_at) values (5, 1, 5, now(), now(), null);